Attainment,Regions,Year,Estimate Population,Employ,Total in labor force,Unemploy,Unemployed Rate
Bachelor's degree or higher,"Benton, Franklin, Kennewick, Richland & Walla Walla Counties",2013,53255.0,33250.0,42189.0,1683.0,3.989191495413497
Bachelor's degree or higher,"Benton, Franklin, Kennewick, Richland & Walla Walla Counties",2014,52862.0,35190.0,41332.0,966.0,2.3371721668440917
Bachelor's degree or higher,"Benton, Franklin, Kennewick, Richland & Walla Walla Counties",2015,59367.0,37241.0,44278.0,787.0,1.7774063869190115
Bachelor's degree or higher,"Benton, Franklin, Kennewick, Richland & Walla Walla Counties",2016,58780.0,38087.0,44699.0,1407.0,3.1477214255352473
Bachelor's degree or higher,"Benton, Franklin, Kennewick, Richland & Walla Walla Counties",2017,59834.0,38506.0,44541.0,516.0,1.1584831952583012
Bachelor's degree or higher,Chelan & Douglas Counties,2013,15736.0,9337.0,11196.0,146.0,1.3040371561271884
Bachelor's degree or higher,Chelan & Douglas Counties,2014,19187.0,11177.0,13664.0,232.0,1.6978922716627636
Bachelor's degree or higher,Chelan & Douglas Counties,2015,17352.0,9979.0,12305.0,37.0,0.30069077610727346
Bachelor's degree or higher,Chelan & Douglas Counties,2016,18729.0,12055.0,13985.0,238.0,1.7018233821952091
Bachelor's degree or higher,Chelan & Douglas Counties,2017,19212.0,12040.0,14000.0,350.0,2.5
Bachelor's degree or higher,Clallam & Jefferson Counties,2013,22203.0,8043.0,11742.0,517.0,4.402997785726452
Bachelor's degree or higher,Clallam & Jefferson Counties,2014,22221.0,9136.0,12831.0,988.0,7.700101317122594
Bachelor's degree or higher,Clallam & Jefferson Counties,2015,23368.0,8709.0,12495.0,400.0,3.201280512204882
Bachelor's degree or higher,Clallam & Jefferson Counties,2016,22796.0,8989.0,13456.0,525.0,3.9016052318668253
Bachelor's degree or higher,Clallam & Jefferson Counties,2017,27157.0,9276.0,14184.0,383.0,2.700225606316977
Bachelor's degree or higher,Clark County,2013,80023.0,51011.0,63592.0,2079.0,3.269279154610643
Bachelor's degree or higher,Clark County,2014,84393.0,51533.0,63194.0,2666.0,4.2187549450897235
Bachelor's degree or higher,Clark County,2015,87771.0,53737.0,66152.0,1280.0,1.9349377191921635
Bachelor's degree or higher,Clark County,2016,93104.0,60264.0,74266.0,2698.0,3.632887189292543
Bachelor's degree or higher,Clark County,2017,104998.0,67602.0,80131.0,2038.0,2.5433352884651383
Bachelor's degree or higher,"Cowlitz, Pacific & Wahkiakum Counties",2013,14586.0,7527.0,10185.0,611.0,5.999018163966618
Bachelor's degree or higher,"Cowlitz, Pacific & Wahkiakum Counties",2014,13800.0,6317.0,9115.0,583.0,6.396050466264399
Bachelor's degree or higher,"Cowlitz, Pacific & Wahkiakum Counties",2015,17235.0,9091.0,11046.0,320.0,2.8969762810066992
Bachelor's degree or higher,"Cowlitz, Pacific & Wahkiakum Counties",2016,15187.0,7309.0,10082.0,373.0,3.69966276532434
Bachelor's degree or higher,"Cowlitz, Pacific & Wahkiakum Counties",2017,17507.0,9253.0,10989.0,692.0,6.297206297206297
Bachelor's degree or higher,Grant & Kittitas Counties,2013,18399.0,10719.0,13586.0,639.0,4.70337111732666
Bachelor's degree or higher,Grant & Kittitas Counties,2014,19939.0,10500.0,13708.0,452.0,3.2973446162824627
Bachelor's degree or higher,Grant & Kittitas Counties,2015,17141.0,10992.0,13827.0,664.0,4.802198596948001
Bachelor's degree or higher,Grant & Kittitas Counties,2016,24813.0,12943.0,15650.0,141.0,0.9009584664536741
Bachelor's degree or higher,Grant & Kittitas Counties,2017,22977.0,11964.0,14175.0,213.0,1.5026455026455028
Bachelor's degree or higher,Grays Harbor & Mason Counties,2013,14447.0,7307.0,9928.0,506.0,5.096696212731668
Bachelor's degree or higher,Grays Harbor & Mason Counties,2014,17963.0,7670.0,10895.0,447.0,4.102799449288665
Bachelor's degree or higher,Grays Harbor & Mason Counties,2015,17568.0,7061.0,9504.0,257.0,2.704124579124579
Bachelor's degree or higher,Grays Harbor & Mason Counties,2016,18039.0,9054.0,11608.0,476.0,4.100620261888353
Bachelor's degree or higher,Grays Harbor & Mason Counties,2017,16120.0,7945.0,9833.0,206.0,2.0949862707210416
Bachelor's degree or higher,King County,2013,727784.0,276682.0,342131.0,11747.0,3.4334801581850227
Bachelor's degree or higher,King County,2014,752592.0,288201.0,354645.0,11391.0,3.2119443387049023
Bachelor's degree or higher,King County,2015,785205.0,298264.0,363807.0,11836.0,3.253373354553376
Bachelor's degree or higher,King County,2016,821353.0,316131.0,384652.0,11305.0,2.939020205276458
Bachelor's degree or higher,King County,2017,838441.0,320608.0,391148.0,11377.0,2.9086177099205415
Bachelor's degree or higher,Kitsap County,2013,53903.0,31182.0,41036.0,1181.0,2.877960814894239
Bachelor's degree or higher,Kitsap County,2014,59277.0,30092.0,41335.0,1640.0,3.9675819523406313
Bachelor's degree or higher,Kitsap County,2015,55887.0,31309.0,40875.0,1132.0,2.769418960244648
Bachelor's degree or higher,Kitsap County,2016,60592.0,32864.0,43672.0,1258.0,2.880564205898516
Bachelor's degree or higher,Kitsap County,2017,63716.0,35500.0,46306.0,1134.0,2.44892670496264
Bachelor's degree or higher,"Lewis, Klickitat & Skamania Counties",2013,11060.0,6615.0,8569.0,411.0,4.796358968374373
Bachelor's degree or higher,"Lewis, Klickitat & Skamania Counties",2014,11189.0,6956.0,9201.0,672.0,7.303553961525921
Bachelor's degree or higher,"Lewis, Klickitat & Skamania Counties",2015,17526.0,8189.0,10635.0,425.0,3.996238834038552
Bachelor's degree or higher,"Lewis, Klickitat & Skamania Counties",2016,15650.0,9185.0,11080.0,155.0,1.3989169675090252
Bachelor's degree or higher,"Lewis, Klickitat & Skamania Counties",2017,16790.0,8963.0,11856.0,534.0,4.504048582995952
Bachelor's degree or higher,Pierce County,2013,145730.0,87439.0,109936.0,5622.0,5.11388444185708
Bachelor's degree or higher,Pierce County,2014,141950.0,82542.0,108644.0,4321.0,3.9772099701778285
Bachelor's degree or higher,Pierce County,2015,149143.0,87798.0,113966.0,4252.0,3.730937297088605
Bachelor's degree or higher,Pierce County,2016,160827.0,98668.0,122163.0,3236.0,2.648919885726447
Bachelor's degree or higher,Pierce County,2017,157158.0,95833.0,119990.0,3445.0,2.8710725893824485
Bachelor's degree or higher,"Skagit, Island & San Juan Counties",2013,41891.0,20145.0,28334.0,1105.0,3.899908237453236
Bachelor's degree or higher,"Skagit, Island & San Juan Counties",2014,46468.0,21634.0,28961.0,1332.0,4.599288698594662
Bachelor's degree or higher,"Skagit, Island & San Juan Counties",2015,46921.0,22132.0,28706.0,689.0,2.4001950811677
Bachelor's degree or higher,"Skagit, Island & San Juan Counties",2016,47295.0,20676.0,26922.0,431.0,1.6009211797043308
Bachelor's degree or higher,"Skagit, Island & San Juan Counties",2017,53486.0,24057.0,31613.0,948.0,2.998766330307152
Bachelor's degree or higher,Snohomish County,2013,161623.0,106819.0,127977.0,5794.0,4.527376012877314
Bachelor's degree or higher,Snohomish County,2014,157498.0,103545.0,128175.0,4826.0,3.765164813731227
Bachelor's degree or higher,Snohomish County,2015,176394.0,117846.0,141610.0,4186.0,2.9560059317844787
Bachelor's degree or higher,Snohomish County,2016,177887.0,119403.0,142025.0,2245.0,1.580707621897553
Bachelor's degree or higher,Snohomish County,2017,188120.0,123880.0,148037.0,3359.0,2.2690273377601544
Bachelor's degree or higher,Spokane County,2013,90442.0,54241.0,67656.0,1702.0,2.5156674943833512
Bachelor's degree or higher,Spokane County,2014,95083.0,56081.0,71466.0,2535.0,3.5471412979598687
Bachelor's degree or higher,Spokane County,2015,97369.0,57329.0,73786.0,2359.0,3.1970834575664764
Bachelor's degree or higher,Spokane County,2016,109478.0,62268.0,78619.0,2361.0,3.0030908558999734
Bachelor's degree or higher,Spokane County,2017,114522.0,69690.0,83524.0,1526.0,1.8270197787462286
Bachelor's degree or higher,"Stevens, Okanogan, Pend Oreille & Ferry Counties",2013,13684.0,7219.0,10110.0,253.0,2.502472799208704
Bachelor's degree or higher,"Stevens, Okanogan, Pend Oreille & Ferry Counties",2014,14293.0,6641.0,8999.0,531.0,5.900655628403156
Bachelor's degree or higher,"Stevens, Okanogan, Pend Oreille & Ferry Counties",2015,14449.0,7104.0,9166.0,37.0,0.4036657211433559
Bachelor's degree or higher,"Stevens, Okanogan, Pend Oreille & Ferry Counties",2016,13652.0,6092.0,8666.0,156.0,1.8001384721901683
Bachelor's degree or higher,"Stevens, Okanogan, Pend Oreille & Ferry Counties",2017,14946.0,6984.0,9299.0,158.0,1.699107430906549
Bachelor's degree or higher,Thurston County,2013,59122.0,34027.0,44968.0,1854.0,4.12293186265789
Bachelor's degree or higher,Thurston County,2014,64204.0,38672.0,49221.0,2638.0,5.359501025984844
Bachelor's degree or higher,Thurston County,2015,61386.0,37387.0,46482.0,1208.0,2.5988554709349856
Bachelor's degree or higher,Thurston County,2016,72194.0,40961.0,51793.0,1236.0,2.3864228756781807
Bachelor's degree or higher,Thurston County,2017,71521.0,40860.0,52689.0,3076.0,5.83803070849703
Bachelor's degree or higher,Whatcom County--Bellingham City,2013,46339.0,25243.0,31832.0,1337.0,4.200175923598894
Bachelor's degree or higher,Whatcom County--Bellingham City,2014,46287.0,26753.0,33567.0,1947.0,5.800339619268924
Bachelor's degree or higher,Whatcom County--Bellingham City,2015,49510.0,26804.0,33297.0,1032.0,3.0993783223713844
Bachelor's degree or higher,Whatcom County--Bellingham City,2016,48225.0,28337.0,33815.0,1082.0,3.1997634186012127
Bachelor's degree or higher,Whatcom County--Bellingham City,2017,58282.0,32218.0,38864.0,700.0,1.8011527377521614
Bachelor's degree or higher,"Whitman, Asotin, Adams, Lincoln, Columbia & Garfield Counties",2013,20788.0,11561.0,14151.0,439.0,3.102254257649636
Bachelor's degree or higher,"Whitman, Asotin, Adams, Lincoln, Columbia & Garfield Counties",2014,19325.0,11129.0,13911.0,417.0,2.997627776579685
Bachelor's degree or higher,"Whitman, Asotin, Adams, Lincoln, Columbia & Garfield Counties",2015,22333.0,12876.0,15551.0,467.0,3.003022313677577
Bachelor's degree or higher,"Whitman, Asotin, Adams, Lincoln, Columbia & Garfield Counties",2016,22979.0,14169.0,16456.0,263.0,1.598201263976665
Bachelor's degree or higher,"Whitman, Asotin, Adams, Lincoln, Columbia & Garfield Counties",2017,20409.0,11738.0,15087.0,241.0,1.597401736594419
Bachelor's degree or higher,Yakima County,2013,24288.0,14124.0,16725.0,659.0,3.9402092675635276
Bachelor's degree or higher,Yakima County,2014,23245.0,13143.0,16185.0,151.0,0.9329626197096076
Bachelor's degree or higher,Yakima County,2015,22856.0,14161.0,17391.0,438.0,2.518544074521304
Bachelor's degree or higher,Yakima County,2016,24639.0,15688.0,18621.0,189.0,1.0149830836152731
Bachelor's degree or higher,Yakima County,2017,27580.0,15969.0,20252.0,404.0,1.9948647047205215
High school or equivalent,"Benton, Franklin, Kennewick, Richland & Walla Walla Counties",2013,66408.0,26008.0,38707.0,2488.0,6.427777921306224
High school or equivalent,"Benton, Franklin, Kennewick, Richland & Walla Walla Counties",2014,64698.0,25438.0,38833.0,2592.0,6.674735405454124
High school or equivalent,"Benton, Franklin, Kennewick, Richland & Walla Walla Counties",2015,62490.0,25269.0,40368.0,2258.0,5.593539437177963
High school or equivalent,"Benton, Franklin, Kennewick, Richland & Walla Walla Counties",2016,60008.0,24813.0,38416.0,2381.0,6.197938359017076
High school or equivalent,"Benton, Franklin, Kennewick, Richland & Walla Walla Counties",2017,67064.0,30026.0,43153.0,1625.0,3.7656709846360625
High school or equivalent,Chelan & Douglas Counties,2013,25329.0,12015.0,16550.0,645.0,3.897280966767372
High school or equivalent,Chelan & Douglas Counties,2014,24118.0,10468.0,14744.0,457.0,3.0995659251220835
High school or equivalent,Chelan & Douglas Counties,2015,26513.0,12503.0,16919.0,947.0,5.59725752113009
High school or equivalent,Chelan & Douglas Counties,2016,25717.0,10870.0,14650.0,557.0,3.8020477815699656
High school or equivalent,Chelan & Douglas Counties,2017,22743.0,12057.0,16141.0,484.0,2.9985750573074776
High school or equivalent,Clallam & Jefferson Counties,2013,22890.0,7122.0,13566.0,2130.0,15.701017249004865
High school or equivalent,Clallam & Jefferson Counties,2014,23349.0,8087.0,12735.0,942.0,7.396937573616019
High school or equivalent,Clallam & Jefferson Counties,2015,23028.0,9671.0,14222.0,683.0,4.80241878779356
High school or equivalent,Clallam & Jefferson Counties,2016,23650.0,8224.0,14179.0,1205.0,8.49848367303759
High school or equivalent,Clallam & Jefferson Counties,2017,24717.0,7278.0,13478.0,2534.0,18.8010090517881
High school or equivalent,Clark County,2013,90750.0,39698.0,61627.0,5625.0,9.12749281970565
High school or equivalent,Clark County,2014,85458.0,42487.0,59663.0,3247.0,5.44223388029432
High school or equivalent,Clark County,2015,89694.0,39570.0,58634.0,3367.0,5.742402019306205
High school or equivalent,Clark County,2016,92666.0,39428.0,56762.0,3124.0,5.503682040801945
High school or equivalent,Clark County,2017,88599.0,41573.0,57089.0,3301.0,5.782199723239153
High school or equivalent,"Cowlitz, Pacific & Wahkiakum Counties",2013,31277.0,10587.0,19826.0,2379.0,11.999394734187431
High school or equivalent,"Cowlitz, Pacific & Wahkiakum Counties",2014,28661.0,10967.0,17775.0,1529.0,8.60196905766526
High school or equivalent,"Cowlitz, Pacific & Wahkiakum Counties",2015,31665.0,11823.0,19972.0,1158.0,5.798117364310034
High school or equivalent,"Cowlitz, Pacific & Wahkiakum Counties",2016,34258.0,11551.0,20088.0,2330.0,11.598964555953803
High school or equivalent,"Cowlitz, Pacific & Wahkiakum Counties",2017,32622.0,11853.0,19855.0,1330.0,6.698564593301436
High school or equivalent,Grant & Kittitas Counties,2013,28086.0,10189.0,15773.0,1498.0,9.497242122614596
High school or equivalent,Grant & Kittitas Counties,2014,26834.0,11116.0,16087.0,1062.0,6.601603779449245
High school or equivalent,Grant & Kittitas Counties,2015,26334.0,11164.0,15571.0,327.0,2.1000577997559566
High school or equivalent,Grant & Kittitas Counties,2016,23916.0,11020.0,15721.0,1415.0,9.00069970103683
High school or equivalent,Grant & Kittitas Counties,2017,27766.0,11605.0,16096.0,435.0,2.7025347912524853
High school or equivalent,Grays Harbor & Mason Counties,2013,36182.0,10238.0,20937.0,3455.0,16.501886612217607
High school or equivalent,Grays Harbor & Mason Counties,2014,33324.0,10480.0,21475.0,2684.0,12.498253783469151
High school or equivalent,Grays Harbor & Mason Counties,2015,33770.0,12519.0,22557.0,2504.0,11.100766945959126
High school or equivalent,Grays Harbor & Mason Counties,2016,36021.0,13463.0,23828.0,1525.0,6.400033573946617
High school or equivalent,Grays Harbor & Mason Counties,2017,35860.0,13034.0,23699.0,1303.0,5.49812228364066
High school or equivalent,King County,2013,279222.0,99124.0,141788.0,12233.0,8.627669478376166
High school or equivalent,King County,2014,272911.0,100612.0,139557.0,8222.0,5.8914995306577245
High school or equivalent,King County,2015,288920.0,101844.0,146324.0,9471.0,6.472622399606354
High school or equivalent,King County,2016,277774.0,103876.0,139627.0,5987.0,4.2878526359514995
High school or equivalent,King County,2017,288407.0,103841.0,142319.0,7506.0,5.2740674119407815
High school or equivalent,Kitsap County,2013,47249.0,18796.0,28779.0,2052.0,7.130199103512978
High school or equivalent,Kitsap County,2014,48711.0,17889.0,29813.0,1859.0,6.235534833797337
High school or equivalent,Kitsap County,2015,55020.0,19793.0,30976.0,2005.0,6.472753099173553
High school or equivalent,Kitsap County,2016,50348.0,17951.0,31116.0,1618.0,5.199897159017869
High school or equivalent,Kitsap County,2017,51914.0,18874.0,28504.0,1044.0,3.6626438394611287
High school or equivalent,"Lewis, Klickitat & Skamania Counties",2013,27493.0,11531.0,18997.0,1691.0,8.901405485076591
High school or equivalent,"Lewis, Klickitat & Skamania Counties",2014,26737.0,8939.0,14999.0,960.0,6.400426695113008
High school or equivalent,"Lewis, Klickitat & Skamania Counties",2015,24904.0,8262.0,14806.0,1569.0,10.597055247872484
High school or equivalent,"Lewis, Klickitat & Skamania Counties",2016,24689.0,8421.0,15011.0,600.0,3.9970688162014523
High school or equivalent,"Lewis, Klickitat & Skamania Counties",2017,25150.0,9523.0,15792.0,1958.0,12.398682877406282
High school or equivalent,Pierce County,2013,170157.0,76654.0,116349.0,10383.0,8.924013098522549
High school or equivalent,Pierce County,2014,184745.0,81370.0,123617.0,8553.0,6.91895127692793
High school or equivalent,Pierce County,2015,190992.0,83895.0,127823.0,9348.0,7.3132378366960555
High school or equivalent,Pierce County,2016,184846.0,79281.0,122121.0,8174.0,6.693361502116753
High school or equivalent,Pierce County,2017,201467.0,89397.0,133841.0,8952.0,6.6885334090450606
High school or equivalent,"Skagit, Island & San Juan Counties",2013,43677.0,17565.0,26335.0,2344.0,8.900702487184356
High school or equivalent,"Skagit, Island & San Juan Counties",2014,46624.0,17018.0,25942.0,1141.0,4.398273070696169
High school or equivalent,"Skagit, Island & San Juan Counties",2015,43653.0,17260.0,27138.0,1438.0,5.298842950843835
High school or equivalent,"Skagit, Island & San Juan Counties",2016,41965.0,18321.0,28627.0,3034.0,10.598386138959723
High school or equivalent,"Skagit, Island & San Juan Counties",2017,45760.0,18872.0,27510.0,1541.0,5.601599418393312
High school or equivalent,Snohomish County,2013,132785.0,64426.0,94825.0,8862.0,9.345636699182705
High school or equivalent,Snohomish County,2014,149676.0,72472.0,101435.0,6213.0,6.12510474688224
High school or equivalent,Snohomish County,2015,149785.0,72507.0,101589.0,5014.0,4.9355737333766445
High school or equivalent,Snohomish County,2016,159471.0,72853.0,103393.0,4828.0,4.669561769171994
High school or equivalent,Snohomish County,2017,148114.0,74615.0,102925.0,4397.0,4.272042749574933
High school or equivalent,Spokane County,2013,102142.0,40798.0,64890.0,5987.0,9.226383109878256
High school or equivalent,Spokane County,2014,95357.0,36504.0,60068.0,3719.0,6.191316507957648
High school or equivalent,Spokane County,2015,104351.0,38864.0,63542.0,4311.0,6.784488999401971
High school or equivalent,Spokane County,2016,97196.0,39429.0,60524.0,3418.0,5.64734650717071
High school or equivalent,Spokane County,2017,94044.0,38709.0,58191.0,3014.0,5.179495110927807
High school or equivalent,"Stevens, Okanogan, Pend Oreille & Ferry Counties",2013,27681.0,10672.0,17021.0,1651.0,9.6997826214676
High school or equivalent,"Stevens, Okanogan, Pend Oreille & Ferry Counties",2014,27871.0,9434.0,16407.0,1657.0,10.099347839336868
High school or equivalent,"Stevens, Okanogan, Pend Oreille & Ferry Counties",2015,26871.0,9355.0,16413.0,1001.0,6.098824102845306
High school or equivalent,"Stevens, Okanogan, Pend Oreille & Ferry Counties",2016,26115.0,9504.0,17503.0,2188.0,12.500714163286295
High school or equivalent,"Stevens, Okanogan, Pend Oreille & Ferry Counties",2017,28361.0,11411.0,17290.0,847.0,4.898785425101215
High school or equivalent,Thurston County,2013,51920.0,20286.0,32636.0,3220.0,9.866405196715283
High school or equivalent,Thurston County,2014,49352.0,21092.0,30434.0,1725.0,5.668002891502924
High school or equivalent,Thurston County,2015,52986.0,18514.0,30790.0,3411.0,11.078272166287755
High school or equivalent,Thurston County,2016,43782.0,19232.0,29720.0,2282.0,7.678331090174967
High school or equivalent,Thurston County,2017,49791.0,21054.0,32085.0,3753.0,11.697054698457222
High school or equivalent,Whatcom County--Bellingham City,2013,36179.0,14088.0,21741.0,1152.0,5.298744307989513
High school or equivalent,Whatcom County--Bellingham City,2014,43456.0,16680.0,23659.0,1514.0,6.399256097045522
High school or equivalent,Whatcom County--Bellingham City,2015,42681.0,16516.0,25293.0,1846.0,7.298462025066224
High school or equivalent,Whatcom County--Bellingham City,2016,44088.0,18644.0,26408.0,3407.0,12.901393517116025
High school or equivalent,Whatcom County--Bellingham City,2017,36141.0,16969.0,24001.0,744.0,3.0998708387150535
High school or equivalent,"Whitman, Asotin, Adams, Lincoln, Columbia & Garfield Counties",2013,20220.0,6981.0,9333.0,457.0,4.8966034501232185
High school or equivalent,"Whitman, Asotin, Adams, Lincoln, Columbia & Garfield Counties",2014,20411.0,7102.0,10490.0,1028.0,9.799809342230697
High school or equivalent,"Whitman, Asotin, Adams, Lincoln, Columbia & Garfield Counties",2015,20010.0,6412.0,10999.0,1309.0,11.901081916537867
High school or equivalent,"Whitman, Asotin, Adams, Lincoln, Columbia & Garfield Counties",2016,21540.0,7343.0,10581.0,339.0,3.2038559682449677
High school or equivalent,"Whitman, Asotin, Adams, Lincoln, Columbia & Garfield Counties",2017,19097.0,6634.0,9902.0,337.0,3.4033528580084833
High school or equivalent,Yakima County,2013,53025.0,22731.0,32952.0,3420.0,10.378732702112163
High school or equivalent,Yakima County,2014,53386.0,24108.0,32442.0,1759.0,5.421983848098144
High school or equivalent,Yakima County,2015,54435.0,23518.0,34978.0,1580.0,4.517125050031448
High school or equivalent,Yakima County,2016,50974.0,23337.0,33701.0,2070.0,6.142250971781253
High school or equivalent,Yakima County,2017,48490.0,21555.0,31364.0,1975.0,6.297028440249969
Less than high school,"Benton, Franklin, Kennewick, Richland & Walla Walla Counties",2013,128407.0,17672.0,27164.0,3106.0,11.434251214843174
Less than high school,"Benton, Franklin, Kennewick, Richland & Walla Walla Counties",2014,127992.0,16351.0,23769.0,973.0,4.093567251461988
Less than high school,"Benton, Franklin, Kennewick, Richland & Walla Walla Counties",2015,130163.0,15918.0,25433.0,1868.0,7.344788267211889
Less than high school,"Benton, Franklin, Kennewick, Richland & Walla Walla Counties",2016,130787.0,13934.0,23674.0,1847.0,7.801807890512799
Less than high school,"Benton, Franklin, Kennewick, Richland & Walla Walla Counties",2017,130598.0,15135.0,25020.0,1530.0,6.115107913669065
Less than high school,Chelan & Douglas Counties,2013,46847.0,8565.0,11962.0,921.0,7.699381374352115
Less than high school,Chelan & Douglas Counties,2014,44794.0,7323.0,9790.0,1234.0,12.604698672114404
Less than high school,Chelan & Douglas Counties,2015,45945.0,7300.0,10610.0,446.0,4.203581526861452
Less than high school,Chelan & Douglas Counties,2016,46116.0,7317.0,11505.0,483.0,4.198174706649283
Less than high school,Chelan & Douglas Counties,2017,48369.0,6966.0,10850.0,629.0,5.797235023041475
Less than high school,Clallam & Jefferson Counties,2013,25932.0,1424.0,3848.0,427.0,11.096673596673597
Less than high school,Clallam & Jefferson Counties,2014,23600.0,1318.0,3057.0,104.0,3.4020281321557078
Less than high school,Clallam & Jefferson Counties,2015,23724.0,1999.0,4271.0,1042.0,24.39709669866542
Less than high school,Clallam & Jefferson Counties,2016,26771.0,2364.0,4618.0,1053.0,22.802078822000865
Less than high school,Clallam & Jefferson Counties,2017,23004.0,1728.0,3571.0,343.0,9.605152618314197
Less than high school,Clark County,2013,142274.0,10603.0,18388.0,1633.0,8.880791820752664
Less than high school,Clark County,2014,144802.0,10675.0,19227.0,2185.0,11.36422738856816
Less than high school,Clark County,2015,146567.0,12414.0,21626.0,1933.0,8.938314991214279
Less than high school,Clark County,2016,143590.0,11213.0,18191.0,1371.0,7.53669396954538
Less than high school,Clark County,2017,142037.0,11311.0,18159.0,1387.0,7.638085797676084
Less than high school,"Cowlitz, Pacific & Wahkiakum Counties",2013,38767.0,3804.0,6627.0,292.0,4.406216991097027
Less than high school,"Cowlitz, Pacific & Wahkiakum Counties",2014,41478.0,3814.0,8513.0,843.0,9.902502055679548
Less than high school,"Cowlitz, Pacific & Wahkiakum Counties",2015,39574.0,3954.0,7634.0,725.0,9.496987162693214
Less than high school,"Cowlitz, Pacific & Wahkiakum Counties",2016,41403.0,2565.0,6646.0,964.0,14.504965392717423
Less than high school,"Cowlitz, Pacific & Wahkiakum Counties",2017,41069.0,2458.0,6735.0,1057.0,15.694135115070527
Less than high school,Grant & Kittitas Counties,2013,56008.0,7580.0,11381.0,1366.0,12.00246024075213
Less than high school,Grant & Kittitas Counties,2014,55520.0,9747.0,13389.0,482.0,3.5999701247292557
Less than high school,Grant & Kittitas Counties,2015,52653.0,9143.0,13586.0,1467.0,10.797880170764023
Less than high school,Grant & Kittitas Counties,2016,54025.0,8213.0,12713.0,737.0,5.797215448753245
Less than high school,Grant & Kittitas Counties,2017,55705.0,7910.0,12003.0,480.0,3.9990002499375157
Less than high school,Grays Harbor & Mason Counties,2013,41157.0,3683.0,8749.0,1356.0,15.49891416161847
Less than high school,Grays Harbor & Mason Counties,2014,40886.0,4826.0,9390.0,1127.0,12.002129925452609
Less than high school,Grays Harbor & Mason Counties,2015,37365.0,3885.0,7129.0,570.0,7.995511291906299
Less than high school,Grays Harbor & Mason Counties,2016,40344.0,3261.0,8235.0,1153.0,14.001214329083181
Less than high school,Grays Harbor & Mason Counties,2017,40609.0,4410.0,9019.0,1786.0,19.8026388734893
Less than high school,King County,2013,562534.0,38453.0,63985.0,6717.0,10.497772915527076
Less than high school,King County,2014,567595.0,37681.0,59883.0,3652.0,6.098558856436719
Less than high school,King County,2015,562419.0,38656.0,62570.0,4530.0,7.239891321719674
Less than high school,King County,2016,580386.0,43541.0,69690.0,5301.0,7.606543263021955
Less than high school,King County,2017,576315.0,42262.0,65095.0,3813.0,5.857592749059068
Less than high school,Kitsap County,2013,66456.0,3559.0,6918.0,1126.0,16.276380456779414
Less than high school,Kitsap County,2014,66170.0,2892.0,6773.0,646.0,9.537870958216448
Less than high school,Kitsap County,2015,65872.0,2796.0,6457.0,713.0,11.04227969645346
Less than high school,Kitsap County,2016,70177.0,4824.0,8582.0,874.0,10.184106268934979
Less than high school,Kitsap County,2017,66963.0,3545.0,8300.0,726.0,8.74698795180723
Less than high school,"Lewis, Klickitat & Skamania Counties",2013,34697.0,2409.0,5876.0,1181.0,20.098706603131383
Less than high school,"Lewis, Klickitat & Skamania Counties",2014,35068.0,2859.0,5672.0,1004.0,17.70098730606488
Less than high school,"Lewis, Klickitat & Skamania Counties",2015,35517.0,3350.0,6455.0,568.0,8.799380325329203
Less than high school,"Lewis, Klickitat & Skamania Counties",2016,34683.0,2990.0,6216.0,56.0,0.9009009009009009
Less than high school,"Lewis, Klickitat & Skamania Counties",2017,32757.0,3247.0,6329.0,848.0,13.39864117554116
Less than high school,Pierce County,2013,262457.0,21534.0,43019.0,6396.0,14.867849089937005
Less than high school,Pierce County,2014,263026.0,19975.0,40198.0,5434.0,13.518085476889397
Less than high school,Pierce County,2015,258499.0,18518.0,34834.0,4453.0,12.783487397370386
Less than high school,Pierce County,2016,268499.0,22863.0,41098.0,2895.0,7.044138400895421
Less than high school,Pierce County,2017,268601.0,21520.0,38661.0,2533.0,6.5518222498124725
Less than high school,"Skagit, Island & San Juan Counties",2013,62821.0,5692.0,9137.0,859.0,9.401335230381964
Less than high school,"Skagit, Island & San Juan Counties",2014,59791.0,6163.0,10700.0,1049.0,9.80373831775701
Less than high school,"Skagit, Island & San Juan Counties",2015,57919.0,4720.0,8238.0,1087.0,13.194950230638506
Less than high school,"Skagit, Island & San Juan Counties",2016,61103.0,6337.0,9573.0,1139.0,11.898046589365926
Less than high school,"Skagit, Island & San Juan Counties",2017,58892.0,6410.0,8853.0,71.0,0.8019880266576301
Less than high school,Snohomish County,2013,226906.0,17841.0,31275.0,3532.0,11.293365307753797
Less than high school,Snohomish County,2014,224874.0,17477.0,31537.0,3321.0,10.530487998224308
Less than high school,Snohomish County,2015,225915.0,20058.0,33938.0,3452.0,10.171489186163003
Less than high school,Snohomish County,2016,232025.0,18946.0,33270.0,3237.0,9.729486023444544
Less than high school,Snohomish County,2017,231193.0,19092.0,30716.0,1619.0,5.270868602682641
Less than high school,Spokane County,2013,137889.0,7665.0,19386.0,3591.0,18.52367688022284
Less than high school,Spokane County,2014,138469.0,4996.0,15430.0,2426.0,15.722618276085548
Less than high school,Spokane County,2015,138083.0,7897.0,15610.0,1478.0,9.468289557975657
Less than high school,Spokane County,2016,136027.0,6667.0,13564.0,1006.0,7.416691241521675
Less than high school,Spokane County,2017,138286.0,6318.0,15255.0,1847.0,12.10750573582432
Less than high school,"Stevens, Okanogan, Pend Oreille & Ferry Counties",2013,34801.0,3697.0,7151.0,894.0,12.50174800727171
Less than high school,"Stevens, Okanogan, Pend Oreille & Ferry Counties",2014,36354.0,2934.0,6970.0,1115.0,15.99713055954089
Less than high school,"Stevens, Okanogan, Pend Oreille & Ferry Counties",2015,33847.0,3790.0,6467.0,394.0,6.092469460337096
Less than high school,"Stevens, Okanogan, Pend Oreille & Ferry Counties",2016,36227.0,3852.0,7991.0,495.0,6.194468777374547
Less than high school,"Stevens, Okanogan, Pend Oreille & Ferry Counties",2017,34303.0,3625.0,6603.0,753.0,11.403907314856882
Less than high school,Thurston County,2013,74112.0,4884.0,9169.0,1398.0,15.247028029228924
Less than high school,Thurston County,2014,71303.0,4369.0,7788.0,889.0,11.414997431946585
Less than high school,Thurston County,2015,76646.0,6410.0,11744.0,1148.0,9.775204359673024
Less than high school,Thurston County,2016,73458.0,3609.0,8557.0,1808.0,21.128900315531144
Less than high school,Thurston County,2017,76581.0,3328.0,6726.0,976.0,14.510853404698187
Less than high school,Whatcom County--Bellingham City,2013,57656.0,5910.0,9336.0,1064.0,11.396743787489289
Less than high school,Whatcom County--Bellingham City,2014,55238.0,5137.0,8996.0,1268.0,14.095153401511784
Less than high school,Whatcom County--Bellingham City,2015,54814.0,4182.0,7261.0,690.0,9.502823302575402
Less than high school,Whatcom County--Bellingham City,2016,59034.0,5999.0,9447.0,557.0,5.896051656610564
Less than high school,Whatcom County--Bellingham City,2017,54429.0,4014.0,6581.0,395.0,6.002127336271084
Less than high school,"Whitman, Asotin, Adams, Lincoln, Columbia & Garfield Counties",2013,30639.0,3497.0,6336.0,843.0,13.304924242424242
Less than high school,"Whitman, Asotin, Adams, Lincoln, Columbia & Garfield Counties",2014,29527.0,3019.0,5297.0,546.0,10.307721351708514
Less than high school,"Whitman, Asotin, Adams, Lincoln, Columbia & Garfield Counties",2015,30111.0,2739.0,5217.0,595.0,11.405022043319915
Less than high school,"Whitman, Asotin, Adams, Lincoln, Columbia & Garfield Counties",2016,28377.0,4051.0,6010.0,198.0,3.2945091514143092
Less than high school,"Whitman, Asotin, Adams, Lincoln, Columbia & Garfield Counties",2017,31712.0,3139.0,5771.0,1039.0,18.003812164269625
Less than high school,Yakima County,2013,119407.0,20218.0,31190.0,2884.0,9.246553382494389
Less than high school,Yakima County,2014,125696.0,22051.0,35303.0,3290.0,9.319321304138459
Less than high school,Yakima County,2015,121798.0,21957.0,33277.0,2038.0,6.1243501517564685
Less than high school,Yakima County,2016,120643.0,19752.0,30230.0,3129.0,10.350645054581541
Less than high school,Yakima County,2017,121306.0,20614.0,32300.0,2549.0,7.891640866873065
Some college or associate's degree,"Benton, Franklin, Kennewick, Richland & Walla Walla Counties",2013,82658.0,41166.0,56937.0,4483.0,7.873614696945746
Some college or associate's degree,"Benton, Franklin, Kennewick, Richland & Walla Walla Counties",2014,88174.0,43740.0,62041.0,2631.0,4.240744024113086
Some college or associate's degree,"Benton, Franklin, Kennewick, Richland & Walla Walla Counties",2015,87285.0,42672.0,57870.0,1788.0,3.0896837739761533
Some college or associate's degree,"Benton, Franklin, Kennewick, Richland & Walla Walla Counties",2016,94444.0,46021.0,64162.0,2537.0,3.95405380131542
Some college or associate's degree,"Benton, Franklin, Kennewick, Richland & Walla Walla Counties",2017,93147.0,44043.0,62362.0,3002.0,4.813828934286906
Some college or associate's degree,Chelan & Douglas Counties,2013,25585.0,13485.0,17743.0,1011.0,5.698021755058333
Some college or associate's degree,Chelan & Douglas Counties,2014,26022.0,11617.0,17417.0,1080.0,6.200838261468681
Some college or associate's degree,Chelan & Douglas Counties,2015,26710.0,13276.0,17820.0,588.0,3.2996632996632997
Some college or associate's degree,Chelan & Douglas Counties,2016,27013.0,13616.0,17412.0,505.0,2.900298644612911
Some college or associate's degree,Chelan & Douglas Counties,2017,27590.0,12773.0,16940.0,644.0,3.8016528925619832
Some college or associate's degree,Clallam & Jefferson Counties,2013,31416.0,12732.0,19739.0,1974.0,10.000506611277167
Some college or associate's degree,Clallam & Jefferson Counties,2014,33279.0,14527.0,21145.0,1248.0,5.902104516434145
Some college or associate's degree,Clallam & Jefferson Counties,2015,34325.0,11485.0,18859.0,1282.0,6.797815366668434
Some college or associate's degree,Clallam & Jefferson Counties,2016,32332.0,12240.0,18160.0,1525.0,8.397577092511014
Some college or associate's degree,Clallam & Jefferson Counties,2017,31937.0,11120.0,19272.0,1041.0,5.401618929016189
Some college or associate's degree,Clark County,2013,130939.0,64309.0,90907.0,6802.0,7.482372094558174
Some college or associate's degree,Clark County,2014,136717.0,69434.0,95288.0,6307.0,6.6188817059860625
Some college or associate's degree,Clark County,2015,134814.0,70405.0,95601.0,5100.0,5.334672231462014
Some college or associate's degree,Clark County,2016,138005.0,71644.0,96332.0,4011.0,4.16372544948719
Some college or associate's degree,Clark County,2017,138478.0,69980.0,95608.0,4311.0,4.509036900677767
Some college or associate's degree,"Cowlitz, Pacific & Wahkiakum Counties",2013,43065.0,18323.0,27932.0,1899.0,6.798653873693255
Some college or associate's degree,"Cowlitz, Pacific & Wahkiakum Counties",2014,42049.0,17189.0,27371.0,2354.0,8.600343429176865
Some college or associate's degree,"Cowlitz, Pacific & Wahkiakum Counties",2015,39962.0,17831.0,26653.0,1546.0,5.8004727422804185
Some college or associate's degree,"Cowlitz, Pacific & Wahkiakum Counties",2016,39468.0,18010.0,27496.0,1540.0,5.6008146639511205
Some college or associate's degree,"Cowlitz, Pacific & Wahkiakum Counties",2017,41223.0,17854.0,28294.0,2122.0,7.4998232840884995
Some college or associate's degree,Grant & Kittitas Counties,2013,31763.0,15051.0,20703.0,1201.0,5.801091629232478
Some college or associate's degree,Grant & Kittitas Counties,2014,32679.0,14829.0,20342.0,875.0,4.3014452856159675
Some college or associate's degree,Grant & Kittitas Counties,2015,40532.0,14245.0,20555.0,822.0,3.99902700072975
Some college or associate's degree,Grant & Kittitas Counties,2016,35190.0,12661.0,20290.0,2536.0,12.498767865943815
Some college or associate's degree,Grant & Kittitas Counties,2017,34721.0,16382.0,22349.0,536.0,2.3983175981028233
Some college or associate's degree,Grays Harbor & Mason Counties,2013,39787.0,16112.0,27876.0,3484.0,12.498206342373368
Some college or associate's degree,Grays Harbor & Mason Counties,2014,39505.0,16844.0,26485.0,2066.0,7.800641872758166
Some college or associate's degree,Grays Harbor & Mason Counties,2015,43031.0,17871.0,27622.0,1602.0,5.799724856998045
Some college or associate's degree,Grays Harbor & Mason Counties,2016,39166.0,15844.0,24991.0,1424.0,5.6980512984674485
Some college or associate's degree,Grays Harbor & Mason Counties,2017,43437.0,16599.0,27712.0,1192.0,4.3013856812933025
Some college or associate's degree,King County,2013,473585.0,176167.0,237416.0,15723.0,6.622552818681133
Some college or associate's degree,King County,2014,486800.0,184600.0,241556.0,11759.0,4.86802232194605
Some college or associate's degree,King County,2015,480999.0,179432.0,232557.0,11922.0,5.126485119777087
Some college or associate's degree,King County,2016,469855.0,175837.0,226943.0,7033.0,3.0990160524889507
Some college or associate's degree,King County,2017,486932.0,181429.0,232600.0,10340.0,4.445399828030954
Some college or associate's degree,Kitsap County,2013,86586.0,38699.0,58125.0,3175.0,5.46236559139785
Some college or associate's degree,Kitsap County,2014,79774.0,35539.0,55077.0,2691.0,4.885887030884035
Some college or associate's degree,Kitsap County,2015,82970.0,35126.0,56963.0,3221.0,5.654547688850657
Some college or associate's degree,Kitsap County,2016,83774.0,37521.0,55611.0,1839.0,3.306899714085343
Some college or associate's degree,Kitsap County,2017,83617.0,37629.0,55349.0,1243.0,2.2457496973748396
Some college or associate's degree,"Lewis, Klickitat & Skamania Counties",2013,34700.0,14636.0,22621.0,1063.0,4.699173334512179
Some college or associate's degree,"Lewis, Klickitat & Skamania Counties",2014,33241.0,16517.0,24183.0,2056.0,8.501840135632468
Some college or associate's degree,"Lewis, Klickitat & Skamania Counties",2015,31294.0,14686.0,22387.0,1142.0,5.10117478894001
Some college or associate's degree,"Lewis, Klickitat & Skamania Counties",2016,35541.0,14309.0,21812.0,938.0,4.3003851091142495
Some college or associate's degree,"Lewis, Klickitat & Skamania Counties",2017,34997.0,15724.0,23192.0,812.0,3.5012073128665055
Some college or associate's degree,Pierce County,2013,241563.0,116680.0,170970.0,13626.0,7.969819266537989
Some college or associate's degree,Pierce County,2014,242222.0,122889.0,172078.0,8868.0,5.1534769116330965
Some college or associate's degree,Pierce County,2015,247008.0,121328.0,174495.0,9265.0,5.309607725149718
Some college or associate's degree,Pierce County,2016,247666.0,121133.0,175910.0,9461.0,5.378318458302541
Some college or associate's degree,Pierce County,2017,249567.0,131454.0,179578.0,4774.0,2.6584548218601385
Some college or associate's degree,"Skagit, Island & San Juan Counties",2013,65282.0,29057.0,43239.0,3502.0,8.099169731029859
Some college or associate's degree,"Skagit, Island & San Juan Counties",2014,62124.0,28454.0,41782.0,2925.0,7.000622277535781
Some college or associate's degree,"Skagit, Island & San Juan Counties",2015,70429.0,32167.0,45115.0,1534.0,3.400199490191732
Some college or associate's degree,"Skagit, Island & San Juan Counties",2016,72677.0,30797.0,45557.0,1184.0,2.5989419847663364
Some college or associate's degree,"Skagit, Island & San Juan Counties",2017,67364.0,29412.0,43126.0,1725.0,3.9999072485275704
Some college or associate's degree,Snohomish County,2013,223679.0,122476.0,164925.0,10540.0,6.3907836895558585
Some college or associate's degree,Snohomish County,2014,228224.0,125107.0,164584.0,7634.0,4.6383609585378895
Some college or associate's degree,Snohomish County,2015,220114.0,114350.0,155272.0,6556.0,4.222268019990726
Some college or associate's degree,Snohomish County,2016,218779.0,124827.0,163511.0,7058.0,4.3165291631755665
Some college or associate's degree,Snohomish County,2017,235122.0,130552.0,169343.0,5586.0,3.2986305899860047
Some college or associate's degree,Spokane County,2013,149016.0,67759.0,100448.0,7547.0,7.5133402357438674
Some college or associate's degree,Spokane County,2014,155570.0,73568.0,104526.0,4940.0,4.726096856284561
Some college or associate's degree,Spokane County,2015,150352.0,68185.0,103524.0,9069.0,8.760287469572273
Some college or associate's degree,Spokane County,2016,157374.0,78894.0,108950.0,4666.0,4.282698485543827
Some college or associate's degree,Spokane County,2017,159147.0,78498.0,107865.0,4400.0,4.079173040374543
Some college or associate's degree,"Stevens, Okanogan, Pend Oreille & Ferry Counties",2013,27801.0,11488.0,18470.0,1829.0,9.902544667027612
Some college or associate's degree,"Stevens, Okanogan, Pend Oreille & Ferry Counties",2014,28957.0,13259.0,21181.0,953.0,4.499315424200935
Some college or associate's degree,"Stevens, Okanogan, Pend Oreille & Ferry Counties",2015,28182.0,12331.0,20348.0,895.0,4.3984666797719685
Some college or associate's degree,"Stevens, Okanogan, Pend Oreille & Ferry Counties",2016,29242.0,11728.0,18240.0,511.0,2.8015350877192984
Some college or associate's degree,"Stevens, Okanogan, Pend Oreille & Ferry Counties",2017,29987.0,12791.0,19801.0,713.0,3.6008282409979295
Some college or associate's degree,Thurston County,2013,76816.0,35828.0,54658.0,3723.0,6.811445717003915
Some college or associate's degree,Thurston County,2014,81378.0,39383.0,57077.0,4217.0,7.38826497538413
Some college or associate's degree,Thurston County,2015,78693.0,37453.0,55160.0,2945.0,5.339013778100073
Some college or associate's degree,Thurston County,2016,85699.0,38385.0,59133.0,3680.0,6.223259432127577
Some college or associate's degree,Thurston County,2017,82778.0,42610.0,56819.0,2303.0,4.053221633608476
Some college or associate's degree,Whatcom County--Bellingham City,2013,66158.0,26379.0,38793.0,3026.0,7.800376356559173
Some college or associate's degree,Whatcom County--Bellingham City,2014,63851.0,25180.0,36126.0,2312.0,6.399822842274262
Some college or associate's degree,Whatcom County--Bellingham City,2015,64761.0,26968.0,39485.0,2803.0,7.0988983158161325
Some college or associate's degree,Whatcom County--Bellingham City,2016,65463.0,26358.0,37176.0,2119.0,5.69991392296105
Some college or associate's degree,Whatcom County--Bellingham City,2017,72655.0,30963.0,40055.0,1482.0,3.699912620147298
Some college or associate's degree,"Whitman, Asotin, Adams, Lincoln, Columbia & Garfield Counties",2013,33247.0,9813.0,14495.0,536.0,3.69782683684029
Some college or associate's degree,"Whitman, Asotin, Adams, Lincoln, Columbia & Garfield Counties",2014,35842.0,12673.0,16331.0,523.0,3.2024983160859715
Some college or associate's degree,"Whitman, Asotin, Adams, Lincoln, Columbia & Garfield Counties",2015,34562.0,10213.0,15220.0,989.0,6.49802890932983
Some college or associate's degree,"Whitman, Asotin, Adams, Lincoln, Columbia & Garfield Counties",2016,34269.0,10778.0,15353.0,338.0,2.201524132091448
Some college or associate's degree,"Whitman, Asotin, Adams, Lincoln, Columbia & Garfield Counties",2017,38812.0,12186.0,15805.0,205.0,1.2970578930718129
Some college or associate's degree,Yakima County,2013,50018.0,24804.0,36149.0,1694.0,4.68616005975269
Some college or associate's degree,Yakima County,2014,45484.0,24355.0,32299.0,1131.0,3.5016563980308986
Some college or associate's degree,Yakima County,2015,50014.0,23193.0,31619.0,1839.0,5.816123217053038
Some college or associate's degree,Yakima County,2016,53125.0,26292.0,34689.0,1189.0,3.4275995272276516
Some college or associate's degree,Yakima County,2017,52620.0,23450.0,34219.0,1682.0,4.915397878371665
